actor,totalMovies,totalHits
Ajay Devgn,286,33
Akshay Kumar,277,51
Sanjay Dutt,275,52
Sunil Shetty,274,41
Anupam Kher,224,10
Kareena Kapoor,219,42
Amitabh Bachchan,218,20
Bipasha Basu,214,37
Om Puri,212,34
Abhishek Bachchan,210,35
Salman Khan,195,53
Priyanka Chopra,190,47
Gulshan Grover,181,19
Paresh Rawal,179,35
Emraan Hashmi,161,37
Saif Ali Khan,159,38
Rani Mukerji,155,38
John Abraham,151,29
Aftab Shivdasani,145,16
Bobby Deol,143,0
Arshad Warsi,143,30
Kangana Ranaut,130,31
Shahid Kapoor,121,4
Jackie Shroff,120,3
Irrfan Khan,118,4
Kay Kay Menon,115,0
Boman Irani,114,17
Arjun Rampal,113,40
Mithun Chakraborty,112,7
Ritesh Deshmukh,109,36
Rishi Kapoor,108,14
Jimmy Shergill,107,31
Sunny Deol,103,4
Katrina Kaif,102,67
Deepika Padukone,100,29
Naseeruddin Shah,98,30
Shah Rukh Khan,97,74
Preity Zinta,96,35
Anil Kapoor,96,17
Rajpal Yadav,96,0
Vivek Oberoi,93,17
Ameesha Patel,89,12
Vidya Balan,87,28
Rati Agnihotri,87,7
Randeep Hooda,83,29
Fardeen Khan,82,19
Ranvir Shorey,80,14
Hrithik Roshan,79,30
Neha Dhupia,79,2
Ayesha Takia,76,5
Divya Dutta,74,0
Aishwarya Rai Bachchan,74,14
Dia Mirza,72,0
Manoj Bajpayee,72,0
Arbaaz Khan,72,0
Sushmita Sen,72,11
Lara Dutta,71,21
Akshaye Khanna,70,10
Govinda,67,22
Zayed Khan,66,4
Sohail Khan,65,0
Nana Patekar,64,23
Mallika Sherawat,60,5
Tusshar Kapoor,60,18
Dimple Kapadia,59,5
Priyanka,59,13
Tabu,58,4
Konkona Sen Sharma,58,0
Seema Biswas,57,0
Zakir Hussain,57,0
Juhi Chawla,57,4
Satish Shah,56,3
Imran Khan,56,10
Abhay Deol,55,0
Manisha Koirala,53,12
Aamir Khan,52,37
Amrish Puri,51,14
Sharman Joshi,50,4
Mahesh Manjrekar,50,6
Raj Babbar,50,9
Minissha Lamba,50,0
Vijay Raaz,47,0
Vinay Pathak,47,15
Esha Deol,47,3
Sanjay Suri,46,0
Ashutosh Rana,46,4
Sonam Kapoor,46,17
Amrita Rao,45,11
Ranbir Kapoor,44,19
Vinod Khanna,43,14
Mohnish Bahl,43,0
Vir Das,43,10
Dino Morea,43,0
Tinnu Anand,43,5
Kiron Kher,43,29
Amrita Arora,43,4
Shreyas Talpade,43,5
Madhavan,42,16
Sonakshi Sinha,42,26
Parvin Dabas,41,6
Neil Nitin Mukesh,41,12
Sharat Saxena,40,3
Raveena Tandon,40,0
Rahul Dev,39,0
Urmila Matondkar,39,2
Avtar Gill,38,0
Rajat Kapoor,38,4
Farida Jalal,38,0
Rahul Bose,37,0
Hrishitaa Bhatt,36,0
Shakti Kapoor,36,1
Anushka Sharma,36,17
Rimi Sen,36,1
Shiney Ahuja,35,3
Sachin Khedekar,34,0
Dharmendra,34,0
Mahima Chaudhry,33,0
Celina Jaitly,32,0
Aashish Chaudhary,32,0
Kunal Khemu,32,0
Saurabh Shukla,31,8
Kajol,31,16
Raghuvir Yadav,31,4
Ravi Kishan,31,0
Asrani,31,1
Isha Koppikar,30,6
Mukesh Tiwari,30,0
Kalki Koechlin,30,3
Vrajesh Hirjee,29,0
Tanushree Dutta,29,0
Udita Goswami,29,0
Lillete Dubey,29,4
Sadashiv Amrapurkar,28,0
Deepak Dobriyal,28,3
Sonali Kulkarni,28,4
Gul Panag,28,0
Sharad S. Kapoor,28,0
Prakash Raj,27,12
Sushant Singh,27,3
Snehal Dabi,26,0
Farooq Shaikh,26,0
Gracy Singh,25,11
Vikram Gokhale,25,0
Dinesh Hingoo,25,0
Neetu Chandra,25,0
Rakesh Bedi,24,0
Ashmit Patel,24,5
Asif Basra,24,0
Rekha,24,5
Madhuri Dixit,24,2
Sanjay Kapoor,24,0
Manish Chaudhary,24,6
Genelia D'Souza,24,5
Mahie Gill,23,0
Rajat Bedi,23,0
Johnny Lever,23,0
Alok Nath,22,4
Arun Bakshi,22,0
Supriya Pathak,22,5
Yashpal Sharma,22,0
Atul Kulkarni,22,0
Jaya Bhaduri,21,13
Vidya Malvade,21,0
Arjun Kapoor,21,2
Neha,21,0
Milind Gunaji,21,0
Ali Zafar,21,12
Sonu Sood,21,0
Shilpa Shetty,20,0
Ranveer Singh,20,7
Nauheed Cyrusi,20,0
Farhan Akhtar,20,9
Soha Ali Khan,20,0
Purab Kohli,20,0
Darshan Jariwala,20,3
Uday Chopra,20,5
Ali Fazal,20,0
Raima Sen,19,0
Prem Chopra,19,0
Tara Sharma,19,0
Hazel Croney,19,0
Manu Rishi Chadha,19,0
Parineeti Chopra,19,4
Yash Tonk,19,0
Pankaj Berry,19,0
Aarti Chhabria,18,0
Tulip Joshi,18,0
Priyanshu Chatterjee,18,0
Shahana Goswami,18,3
Himesh Reshammiya,18,0
Govind Namdeo,18,0
Shweta Bhardwaj,18,0
Chunky Pandey,17,0
Ila Arun,17,0
Nushrat Bharucha,17,0
Aditya Roy Kapoor,17,9
Pavan Malhotra,17,4
Sameera Reddy,17,0
Nassar Abdulla,17,0
Nagesh Bhonsle,17,0
Javed Jaffrey,17,0
Sanjay Mishra,17,0
Jacqueline Fernandez,17,12
Neha Sharma,16,0
Amrita,16,1
Himanshu Malik,16,0
Nawazuddin Siddiqui,16,3
Danny Denzongpa,16,0
Rajit Kapoor,16,0
Akhilendra Mishra,16,0
Satish Kaushik,16,0
Arya Babbar,16,0
Vicky Ahuja,15,0
Alia Bhatt,15,10
Vatsal Seth,15,0
Anang Desai,15,0
Dipannita Sharma,15,0
Ishrat Ali,15,0
Mandira Bedi,15,0
Riya Sen,15,0
Manoj Joshi,15,0
Anita Hassandani,15,0
Pooja Batra,15,0
Nandita Das,15,0
Arunoday Singh,15,0
Nafisa Ali,15,3
Rajkummar Rao,14,5
Jacky Bhagnani,14,0
Ileana,14,5
Rana Jung Bahadur,14,5
Sandhya Mridul,14,4
Girish Karnad,14,3
Kader Khan,14,0
Mohit Ahlawat,14,0
Sahil Khan,13,0
Tia Bajpai,13,3
Sarika,13,3
Bhoomika Chawla,13,0
Rituparna Sengupta,13,0
Ram Kapoor,13,0
Rohini Hattangadi,13,0
Makrand Deshpande,13,0
Mimoh Chakraborty,13,3
Arjan Bajwa,13,0
Manjari Phadnis,13,4
Asin,13,9
Richa Chadda,13,0
Smita Jaykar,13,2
Esha Gupta,12,4
Bedi,12,0
Anupama Verma,12,0
Hema Malini,12,2
Aditya Srivastava,12,0
Shraddha Kapoor,12,3
Nasser,12,2
Laxmikant Berde,12,0
Aditya Lakhia,12,0
Malaika Arora,12,4
Harman Baweja,12,0
Suman Ranganathan,12,0
Rukhsar,12,0
Sammir Dattani,12,5
Mohammed Zeeshan Ayyub,12,3
Mugdha Godse,12,0
Rehan Khan,12,0
Yuvika Chaudhry,12,0
Krishna Bhatt,12,3
Benjamin Gilani,12,0
Ayub Khan,11,0
Sudha Chandran,11,0
Kurush Deboo,11,0
Bharati Achrekar,11,0
Mahek Chahal,11,4
Gajendra Chouhan,11,0
Varun Dhawan,11,3
Ashwini Khalsekar,11,3
Ahsaas Channa,11,4
Meghna Naidu,11,0
Karisma Kapoor,11,0
Milind Soman,11,2
Kabir Bedi,11,0
Mukesh Bhatt,11,0
Akshay Kapoor,11,0
Siddharth,11,1
Adhyayan Suman,11,0
Shefali Shetty,11,0
Mukul Dev,11,0
Namrata Shirodkar,11,0
Sayali Bhagat,11,0
Sunny Leone,11,3
Ashish Vidyarthi,10,0
Kulbhushan Kharbanda,10,0
Rannvijay Singh,10,0
Sonal Chauhan,10,4
Rajeev Khandelwal,10,0
Sneha Ullal,10,0
Sudesh Berry,10,0
Amrita Singh,10,2
Kiran Kumar,10,0
Raj Singh Chaudhary,10,0
Prachi Desai,10,1
Isha Sharvani,10,0
Bobby Darling,10,0
Revathy,10,2
Vikas Anand,10,0
Nethra Raghuraman,10,0
Amrita Puri,10,0
Shaad Randhawa,10,3
Priyanka Kothari,10,0
Achint Kaur,10,0
Antara Mali,10,0
Shabana Azmi,10,0
Anshuman Jha,9,0
Prateik,9,0
Lisa Haydon,9,5
Rahul Khanna,9,0
Raj Arjun,9,0
Shri Vallabh Vyas,9,0
Shiv Pandit,9,0
Nikhil Dwivedi,9,0
Ayesha Jhulka,9,0
Chitrangda Singh,9,0
Aman Verma,9,3
Shenaz Treasury,9,3
Rajendranath Zutshi,9,0
Priya Anand,9,0
Sameer Kochhar,9,4
Sonali Bendre,9,0
Cyrus Sahukar,9,0
Adi Irani,8,0
Victor Banerjee,8,0
Masumeh Makhija,8,0
Kajal Agarwal,8,4
Siddharth Kher,8,0
Mohan Agashe,8,0
Mohan Joshi,8,0
Arjun Mathur,8,0
Neena Gupta,8,0
Dimple,8,1
Pankaj Kapur,8,0
Archana Puran Singh,8,0
Ayushmann Khurrana,8,3
Anjan Srivastav,8,0
Sayaji Shinde,8,0
Deepti Naval,8,0
Manav Kaul,8,0
Huma Qureshi,8,0
Birbal,8,0
Salil Acharya,8,3
Kunal Kapoor,8,1
Prashant Narayanan,8,0
Anand Tiwari,8,0
Tanvi Azmi,8,0
Preeti Jhangiani,8,0
Perizaad Zorabian,8,0
Tanisha,8,0
Shahbaaz Khan,8,0
Vinay Jain,8,0
Sharad Kelkar,8,3
Reema Sen,8,3
Tarun Arora,8,2
Mohanlal,8,0
Aishwarya,8,2
Urvashi Sharma,7,0
Zohra Segal,7,0
Mahesh Balraj,7,0
Dev Anand,7,0
Puru Rajkumar,7,0
Vishal Malhotra,7,0
Vivek Shaq,7,0
Dalip Tahil,7,0
Helen,7,0
Puja Gupta,7,0
Adil Hussain,7,0
Shawar Ali,7,0
Beena Banerjee,7,0
Padam Bhola,7,0
Shernaz Patel,7,0
Abhay Bhargav,7,0
Naresh Gosain,7,0
Shriya Saran,7,0
Tisca Chopra,7,0
Akash,7,0
Linda Arsenio,7,0
Vinod Jaywant,7,0
Sikander Kher,7,0
Leigh Barwell,7,3
Ronit Roy,7,0
Anand Abhyankar,7,0
Rajesh Khanna,7,0
Rajneesh Duggal,7,0
Rinke Khanna,7,1
Sada,7,0
Sandali Sinha,7,0
Rita Bhaduri,7,0
Samir Aftab,7,0
Sagarika Ghatge,7,0
Rajendra Gupta,7,0
Bharat Dabholkar,7,0
Arun,7,0
Anuj Sawhney,7,0
Vinay Anand,7,0
Karan Nath,7,0
Anant Jog,7,0
Zulfi Sayed,7,0
Salman Shahid,7,0
Jaideep Ahlawat,6,0
David Bueno,6,0
Gauhar Khan,6,0
Isaiah,6,0
J.D. Chakravarthi,6,0
Rakhi Sawant,6,0
Jas Arora,6,2
Kashmira Shah,6,3
Koena Mitra,6,0
Madhuri Bhattacharya,6,4
'Chiyaan' Vikram,6,0
Kavi Shastri,6,0
Shatrughan Sinha,6,0
Sumeet Raghvan,6,3
Yash Pandit,6,0
Sudeep,6,3
Suresh Oberoi,6,0
Simone Singh,6,0
Tara Deshpande,6,0
Shweta Menon,6,0
Samir Soni,6,6
Suresh Chatwal,6,0
Vivaan Shah,6,3
Saqib Saleem,6,0
Makarand Anaspure,6,0
Darsheel Safary,6,2
Tara D'Souza,6,3
Manisha Kelkar,6,0
Amruta Khanvilkar,6,3
Aushima Sawhney,6,0
Aryan Vaid,6,0
Aryeman Ramsay,6,0
Rahul Singh,6,0
Sabyasachi Chakraborty,6,0
Meghan Jadhav,6,0
Amin Hajee,6,0
Amardeep Jha,6,3
Aditya Pancholi,6,0
Abhijeet,6,0
Aamna Shariff,6,0
Annu Kapoor,6,2
Geeta Basra,6,0
Nikita Anand,6,0
Brahim Achabbakhe,6,0
Rajesh Khattar,6,0
Moushumi Chatterjee,6,0
Murad Ali,6,0
Mukesh Ahuja,6,0
Nitin,6,1
Parimal Aloke,6,0
Preeti Desai,6,0
Malavikka,6,0
Pratima Kazmi,5,0
Nargis Fakhri,5,0
Sudhir Dalvi,5,0
Javed Sheikh,5,0
Vijay Maurya,5,0
Vishwajeet Pradhan,5,0
Shruti Seth,5,0
Nargis Bagheri,5,0
Omkar Das Manikpuri,5,2
Vipin Sharma,5,0
Mohan Azaad,5,0
Bhairavi Goswami,5,0
Ahmed Chaudhary,5,0
Sanjiv Chopra,5,0
Inder Kumar,5,0
Narendra Bedi,5,0
Saahil Prem,5,3
Kavin Dave,5,0
Vineeta Malik,5,0
Shamita Shetty,5,0
Aruna Shields,5,0
Sudhanshu Pandey,5,0
Akshay Oberoi,5,0
J. Brandon Hill,5,0
Raza Murad,5,0
Cyrus Broacha,5,0
Naved Aslam,5,0
Jiah Khan,5,4
Kim Sharma,5,0
Brijendra Kala,5,0
Jagdeep,5,0
Sachiin Joshi,5,0
Chandan Roy Sanyal,5,0
Piyush Mishra,5,0
Ashok Banthia,5,0
Sandeepa Dhar,5,0
Adah Sharma,5,0
Rana Daggubati,5,0
Mantra,5,0
Delnaaz Irani,5,0
Delzad Hiwale,5,0
Sophiya Chaudhary,5,0
Deepal Shaw,5,2
Sushmita Mukherjee,5,0
Rahul Bhat,5,0
Neelu Kohli,5,0
Kunaal Roy Kapur,5,4
Sridevi,5,0
Neetu Singh,5,0
Harsh Chhaya,5,0
Parambrata Chatterjee,5,3
Aditi Rao Hydari,5,0
Luke Kenny,5,0
Tiku Talsania,5,0
Badrul Islam,5,0
Abhay Joshi,5,0
Rajesh Shringarpore,5,0
Nishant Dahiya,5,0
Mansi Dovhal,5,0
Anjori Alagh,5,0
Yami Gautam,5,2
Tamannaah Bhatia,5,0
Rajesh Sharma,5,0
Nishan Nanaiah,5,0
Gaurav Kapoor,5,0
Yana Gupta,5,3
Nishan,5,0
Atul Agnihotri,5,0
Ayesha Kapoor,5,0
Shekhar Suman,5,0
Neeru Bajwa,4,0
Roshni Chopra,4,0
Dwij Yadav,4,0
Ehsan Khan,4,0
Eijaz Khan,4,0
Zeenat Aman,4,0
Mona Ambegaonkar,4,0
Nandana Sen,4,0
Jay Bhanushali,4,0
Anindita Nayar,4,0
Upendra Limaye,4,0
Saloni Aswani,4,0
Ganesh Acharya,4,0
Lucky Ali,4,0
Liyaqat Bari,4,0
Rajeev Awasthi,4,0
Sidharth Malhotra,4,0
Thomas Tevana,4,0
Aditi Govitrikar,4,0
Sanjay Chauhan,4,0
Aditi Vasudev,4,0
Wamiqa Gabbi,4,0
Deeksha,4,0
Negar Khan,4,0
Mukesh Rishi,4,0
Shubh,4,0
Randhir Kapoor,4,0
Sara Loren,4,0
Madhurima Banerjee,4,0
Reema Lagoo,4,0
Mushtaq Khan,4,0
Simran Kaur Mundi,4,0
Ravi Baswani,4,0
Ankur Khanna,4,0
Divya Divedi,4,0
Mita Vasisht,4,0
Dilip Prabhavalkar,4,0
Kiran Janjani,4,0
Brij Gopal,4,0
Raj Singh Arora,4,0
Nina Kulkarni,4,0
Joy Fernandes,4,0
Gaurav Chanana,4,0
Nirmal Pandey,4,0
Pradhuman Singh,4,0
Kainaz Motivala,4,0
Ali Asghar,4,0
Kanwaljit Singh,4,0
Ganesh Yadav,4,0
Iris Maity,4,0
Vikas Kalantri,4,0
Asseem Merchant,4,0
Preeti,4,0
Pitobash,4,0
Maanvi Gagroo,4,0
Rakhee Gulzar,4,0
Jatin Grewal,4,0
Vega Tamotia,4,0
Sunidhi Chauhan,4,0
Sherlyn Chopra,4,0
Swara Bhaskar,4,2
Gulshan Devaiah,4,0
Rajeev Verma,4,3
Waheeda Rehman,4,0
Pankaj Dheer,4,0
Hemant Pandey,4,0
Shailesh Hejmady,4,0
Paoli Dam,4,0
Alyy Khan,4,0
Supriya Karnik,4,2
Ishita Sharma,4,0
Prithviraj Sukumaran,4,0
Sarita Joshi,4,0
Prithvi Zutshi,4,0
Shama Deshpande,4,0
Shammi Kapoor,4,0
Arif Zakaria,3,0
Vijay Adhav,3,0
Jagrat Desai,3,0
Jahan Bloch,3,0
Aruna Irani,3,0
Jami Jafry,3,0
Ishita Chauhan,3,0
Cleo Isaacs,3,0
Gagan,3,0
Vaani Kapoor,3,3
Feroz Khan,3,0
Chitrak Bandyopadhyay,3,0
Urvashi Chaudhary,3,0
Usha Bachani,3,0
Chutki,3,0
Muzzi,3,0
Chirag Paswan,3,0
Irfan Khan,3,0
Supriya Pilgaonkar,3,0
Ishita Panchal,3,0
Arijit Sen Gupta,3,0
Coral Beed,3,0
Art Malik,3,3
Arun Bali,3,0
Jaspal Bhatti,3,0
Janice,3,0
Imran Ahmed Khan,3,0
Indraneel,3,0
Indraneil Sengupta,3,0
Iravati Harshe,3,0
Vic Aviles,3,0
Suresh Menon,3,3
Isha Batwe,3,0
Surveen Chawla,3,0
Suraj Godambe,3,0
Clive Standen,3,0
Burhan,3,0
Crystal,3,0
Candice Boucher,3,0
Bhushan Agarwal,3,0
Carran Kapur,3,0
Caterina Lopez,3,0
Bhumika,3,0
Chandan,3,0
Chandan Anand,3,0
Bhavna Pani,3,0
Bharti Bhatt,3,0
Chari Asopa,3,0
Carl Marino,3,0
Freddy Daruwala,3,3
Deepak Bandhu,3,0
Balwant Bansal,3,3
Avinash,3,0
Elidh MacQueen,3,0
Barry John,3,0
Bárbara Mori,3,0
D. Santosh,3,0
Junayeed Bin Fakhrul,3,0
Dadhi Raj,3,0
Toby Stephens,3,0
Darshan Kumaar,3,0
Darshan Kumar,3,0
Deb Mukherjee,3,0
Deep Dhillon,3,0
Chirag Jain,3,0
Chinmai Chandranshuh,3,0
Chinky Jaiswal,3,0
Bharat Jha,3,0
Biswajeet Chatterjee,3,0
Brande Roderick,3,0
Brandon Routh,3,0
Brownie,3,0
Bugs Bhargava,3,0
Jyoti Joshi,3,0
Ashwin Mushran,3,0
Juliet Alburque,3,0
Hansika Motwani,3,0
Harish Bhimani,3,0
Harish Chabbra,3,0
Swini Khara,3,0
Harry,3,0
Harsh Parekh,3,0
Harsh Rajput,3,0
Heather Graham,3,0
Swedha Singh,3,0
Ashish Kattar,3,0
Hemant Birje,3,0
Highphill Mathew,3,0
Himani Chauhan,3,0
Ashay Chitre,3,0
Suzanne Bernert,3,0
Hiten Paintal,3,0
Hardik Bothra,3,0
Muzammil Ibrahim,3,0
Haidar Ali,3,0
Bobby Bedi,3,0
Emma Brown Garett,3,3
Akash Nair,3,0
Sharda,3,0
Sharbani Mukherji,3,0
Vivek Sudershan,3,0
Ajinkya Deo,3,0
Priya Bhatija,3,0
Puja Ballutia,3,0
Puja Bose,3,0
Pulkit Samrat,3,0
Pummy Brar,3,0
Punit Aneja,3,0
Shalini Chandran,3,0
Probir Dutt,3,0
Myra Karn,3,0
Hanif Hum Ghum,3,0
Vibha Cheebur,3,0
Vikas Bhalla,3,0
Gurpreet Chadha,3,0
Sushant Singh Rajput,3,3
Imaaduddin Shah,3,0
Javed Akhtar,3,0
Jaya Seal,3,0
Jayshree Arora,3,0
Jeff Doucette,3,0
Jeneva Talwar,3,0
Preeti Ganguli,3,0
Jesse Randhawa,3,0
Jigna Bhardwaj,3,0
Jimi Mistry,3,0
Jiten Mukhi,3,0
Sumona Chakravarti,3,0
Joseph Armillas,3,0
Juhi Babbar,3,0
Atul Kinagi,3,0
Sylvester Stallone,3,0
Ashney Shroff,3,0
Ashok Samarth,3,0
Gaurav Bajaj,3,0
Veer Arya,3,0
Gautam Babbar,3,0
Gautam Rode,3,0
Veerendra Saxena,3,0
Gayatri,3,0
Gayatri Patel Bahl,3,0
Tahir Raj Bhasin,3,0
Hithaishaini,3,0
Gerald Brodin,3,0
Venita Anand,3,0
Girish Taurani,3,0
Gopi Desai,3,0
Tabrett Bethell,3,3
T.K. Chowdhary,3,0
Elissa Brentano,3,0
Sonal Sehgal,3,0
Emma Bunton,3,0
Smriti Mishra,3,0
Lilliput,3,0
Kiran Bhatia,3,0
Koel Purie,3,0
Marlon Rodrigues,3,0
Kasam,3,0
Siddharth Koirala,3,0
Kartik Tiwari,3,0
Suhel Seth,3,0
Marisa Tomei,3,0
Mohan Kapoor,3,0
Sid Makkar,3,0
Aqib Afzaal,3,0
Karan Johar,3,0
Shyamoli Varma,3,0
Karan Hukka,3,0
Anu Ansari,3,0
Maninder Singh,3,0
Apoorva Agnihotri,3,0
Manek Bedi,3,0
Sonia Bindra,3,0
Sonalli Sehgal,3,0
Mahima A,3,0
Vikram Singh,3,0
Sonali Khare,3,0
Mahmud Babai,3,0
Sonali Gulati,3,0
Sohum Shah,3,0
Ankita Bhargava,3,0
M.K. Raina,3,3
Luna Rioumina,3,0
Luna,3,0
Manasi,3,0
Anto Boghokian,3,0
Antonia Bernath,3,0
Mohsin,3,0
Kapil Jhaveri,3,0
Erica Fernandes,3,0
Anwar Fatehan,3,0
Simer Motiani,3,0
Sidharth Shukla,3,3
Kaustav Ghosh,3,0
Mayank Amin,3,0
Kasturi Banerjee,3,0
Katie A. Keane,3,3
Mashhoor Amrohi,3,0
Keshav Nadkarni,3,0
Mehdi Nebbou,3,0
Mish Boyko,3,3
Mehak Manwani,3,0
Mishti,3,0
Meiyang Chang,3,0
Michael McKean,3,0
Purbi Joshi,3,0
Master Sagar Punjabi,3,0
Kenton Duty,3,3
Shweta Kumar,3,0
Kaveri Jha,3,0
Shweta Agarwal,3,0
Arbaaz Ali Khan,3,0
Mukesh Chhabra,3,0
Kanksha,3,0
Kanika Batra,3,0
Munish Khan,3,0
Kamini Kaushal,3,0
Kalpana Bora,3,0
Arfi Lamba,3,0
Ariana Ayam,3,0
Shubhankar Atre,3,0
Kapil Dubey,3,0
Sudhir S. Dayma,3,0
Anshul Kataria,3,0
Vinay Virmani,3,0
Soniya Mehra,3,0
Mahesh Anand,3,0
Madhavi Sharma,3,0
Denise Richards,3,0
Bajrangbali Singh,3,0
Devansh Doshi,3,0
Azghar,3,0
Devraj Das,3,0
Barkha Madan,3,0
Devyani,3,0
Dhritiman Chatterjee,3,3
Dibyendu Bhattacharya,3,0
Vansh Bhardwaj,3,0
Teeshay Shah,3,0
Dinesh Bawara,3,0
Tarina Patel,3,0
Varsha Usgaonkar,3,0
Divji Handa,3,0
Dhaval Barbhaya,3,0
Tigmanshu Dhulia,3,0
Deepti Pujari,3,0
Sonia Mann,3,0
Deepak Tijori,3,0
Erik A. Nanda,3,0
Ettienne Couthino,3,0
Eva Grover,3,0
Avijit Dutt,3,0
Avantika,3,0
Farah Khan,3,0
Ava Mukherjee,3,0
Tannishtha Chatterjee,3,0
Aubrey K. Miller,3,0
Tania Zaetta,3,3
Atul Parchure,3,0
Dunger,3,0
Varun Bhagwat,3,0
Ayaz Khan,3,3
Divya Khosla,3,0
Sumeet Sharma,3,0
Izabelle Liete,3,0
Madhu Acharya,3,0
Lena Christensen,3,0
Koushtuv Ghosh,3,0
Madhuri Bhagwat,3,0
Kishore Dhingra,3,0
Kishore Chougule,3,0
Manuj Bhaskar,3,0
Anurag Kashyap,3,0
Kirti Kulhari,3,0
Kiran Juneja,3,3
Sonya Jehan,3,0
Anil Rastogi,3,0
Anita,3,0
Sonu Nigam,3,0
Sonika Gill,3,0
Madina,3,0
Vikrum Kumar,3,0
Krishna Abhishek,3,0
Anuj Saxena,3,0
Manoylo Svitlana,3,0
Anirudh Agarwal,3,0
Manish Wadhwa,3,0
Sophie Handa,3,0
Smiley Suri,3,0
Sita Spada,3,0
Manju Singh,3,0
Laila Khan,3,0
Steven Michael Quezada,3,0
Simran Singh,3,0
Manmeet Singh,3,0
Kumud Mishra,3,0
Mann Hora,3,0
Udayyan Raathore,3,0
Singh Surendra,3,0
Kumar Mayank,3,0
Preeti Bhutani,3,0
Raaj Gopal,3,0
Vishakha Singh,3,0
Rashi Khanna,3,0
Sanjay Swaraj,3,0
Rasika Dugal,3,0
Sanjay Verma,3,0
Ravindra Bundela,3,0
Yuddvir Bakolia,3,0
Ravi Kapoor,3,0
Ravi Kale,3,0
Ratna Pathak,3,0
Saroj Bhargava,3,3
Nikitin Dheer,3,3
Raqesh Vashisth,3,0
Saptharishi Ghosh,3,0
Sara Arjun,3,0
Ranbir Chakma,3,0
Rambha,3,0
Aditya Banerjee,3,0
Nivedita Bhattacharya,3,0
Akash Hora,3,0
Sartaj Singh Pannu,3,0
Rajvvir Aroraa,3,0
Rajeev Mehta,3,0
Yaman Chatwal,3,0
Rutika Singh,3,0
Rikkee,3,0
Richa Pallod,3,0
Satyaraj,3,3
Aditya Rajput,3,0
Raju Sundaram,3,0
Rajshree Choudhary,3,0
Sarvar Ahuja,3,0
Sasha Goradia,3,0
Rajiv Gupta,3,0
Saswata Chatterjee,3,3
Aditya Seal,3,3
Aditya Narayan,3,0
Rajesh Kava,3,0
Rajesh Bakshi,3,0
Rajendraprasad,3,0
Satyajeet Dubey,3,0
Nikhil Desai,3,0
Nikita Janjani,3,3
Aarav Khanna,3,0
Viren Basoya,3,0
Neil Bhoopalam,3,0
Neha Uberoi,3,0
Neetu Chaudhary,3,0
Shivaji Satam,3,0
Shruti K. Haasan,3,0
Amrita Raichand,3,0
Shivkumar Subramaniam,3,0
Neelam,3,0
Amitosh Nagpal,3,0
Vipinno,3,0
Violante Placido,3,0
Ammtoje Mann,3,0
Shubh Joshi,3,0
Nishant Balgovind,3,0
Nimisha Vakharia,3,0
Navin Nischol,3,0
Amita Pathak,3,0
Akshat Chopra,3,0
Nares Ngamseera,3,0
Shishir Sharma,3,0
Amit Mistry,3,0
Shreya Narayan,3,0
Navdip Singh,3,0
Nausheen Ali Sardar,3,0
Shona Chabra,3,0
Natasha Sinha,3,0
Amit Behl,3,0
Neha Chauhan,3,0
Natasha Jain,3,0
Nataneya Singh,3,0
Shilpa Shukla,3,0
Vipasha Agarwal,3,0
Navin Berry,3,0
Shravan Rathod,3,0
Niju Mavani,3,0
Nandini Singh,3,0
Neha Iyyer,3,0
Shroff Jackie,3,0
Naresh Kaura,3,0
Saadhika Randhawa,3,0
Nawab Shah,3,0
Saba Azaad,3,0
Om Katare,3,0
Sheeba Chaddha,3,0
Parth Bhalerao,3,0
Sheetal Kshirsagar,3,0
Sheetal Menon,3,0
Sheeba Bhakri,3,0
Padmini Kolhapure,3,0
Padma Lakshmi,3,0
Omi Vaidya,3,0
Noemi Besedes,3,0
Paul Blackthorne,3,3
Nizhalgal Ravi,3,0
Paul Sidhu,3,0
Shazahn Padamsee,3,0
Prateeksha Lonkar,3,0
Pradeep Singh Rawat,3,0
Prashant Raj,3,0
Prashaant Kumar,3,0
Vivan Bhatena,3,0
Parzan Dastur,3,0
Paresh Ganatra,3,2
Prakash Bhardwaj,3,0
Viveka Babajee,3,0
Shahib Chopra,3,0
Aanaahad,3,0
Ahraz Ahmed,3,0
Whoopi Goldberg,3,0
Raja Hasan,3,0
Raj Kesaria,3,0
Shabbir Ahluwalia,3,0
Ajay Chaudhary,3,0
Raayo S. Bakhirta,3,0
Ahad Khan,3,0
Ajay Gehi,3,0
Shakeel Khan,3,3
Raghu Raj,3,0
Radhika Apte,3,0
Rachita Bhattacharya,3,0
Rachel Shelley,3,3
Preet Kamal,3,0
Pratik Katare,3,0
Shaukat Baig,3,0
Paru Uma,3,0
Pradip Sagar,3,0
Abhishek C,3,0
Zachary Coffin,3,0
Ritwik Sahore,3,0
Abhijeet Leheri,3,0
Ritika Shah,3,0
Rishi Rehan,3,0
Abhimanyu Singh,3,0
Rucha Gujrati,3,0
Rupali Ganguly,3,0
Ziyah Vastani,3,0
Robin Bhatt,3,3
Aabhas Yadav,3,0
Sakshi Gulati,3,0
Sameer Kevin Roy,3,0
Aakshi Khari,3,0
Sahil Anand,3,0
Samita Bangargi,3,0
Samy Gharbi,3,0
Sachin Nayak,3,0
Rucha Vaidya,3,0
Russell Geoffrey Banks,3,0
Rohiet Nair,3,0
Aham Sharma,3,0
Sandeep Kulkarni,3,0
Pradeep Kharab,3,0
Pinky Harwani,3,0
Pradeep Kabra,3,0
Prachi Shah,3,0
Poornima Pathwardhan,3,0
Poonam Dhillon,3,0
Alisha,3,0
Poonam Sinha,3,0
Rajat Kaul,3,0
Nitin Anand,3,0
Rohan Khurana,3,0
Ronnaoq Ahuja,3,0
Zain Khan,3,0
Rohit G. Banawlikar,3,0
Zahid Ali,3,0
Kajal Chakraborty,2,0
Srinivasa Prabhu,2,0
Mallhar Goenka,2,0
Payal Kumawat,2,0
Peeya Rai Chowdhary,2,0
Paras Arora,2,0
Kal Penn,2,0
Suman Agarwal,2,0
Sukhada Yash,2,0
Shaurya Chauhan,2,0
Nicole Faria,2,0
Amit Pachori,2,0
Shiv Darshan,2,0
Ankur Vikal,2,0
Shailendra Gaur,2,0
June Smith,2,2
Anuj Punj,2,0
Prasad Purandhare,2,0
Kriti Sanon,2,2
Kitu Gidwani,2,0
Kshitee Jog,2,0
Lauren Gottlieb,2,0
Sumit Arora,2,0
Allan Border,2,0
Nishith Dadhich,2,0
Amar Upadhyaya,2,0
Amin Gazi,2,0
Nimrat Kaur,2,0
Lekha Washington,2,0
Pablo Gonzalez,2,0
Sreejita De,2,0
Anuj Gurwara,2,0
Anuj Chaudhary,2,0
Lakshmi Chandrashekar,2,0
Pallavi Batra,2,0
Pallavi Sharda,2,0
Shekhar Bassi,2,0
Vikrant Massey,2,0
Vishnu Sharma,2,0
Kuldeep Chaturvedi,2,0
Prasenjit Chatterjee,2,0
Deepraj Rana,2,0
Jugal Hansraj,2,0
Nigaar Khan,2,0
Aradhana Deshpande,2,0
Vishwa S. Badola,2,0
Ann Marie Seall,2,0
Ali Haji,2,0
Vikas Katyal,2,0
Kannan Arunachalam,2,0
Ali G.,2,0
Arbaz Kadwani,2,0
Kamini Khanna,2,0
Prashant Chianani,2,0
Shayan Munshi,2,0
Jyoti Dogra,2,0
Shillpi Sharma,2,0
Nazia Hussain,2,0
Mohinder Gujral,2,0
Riya Bamniyal,2,0
Rocky Bhatia,2,0
Mahender Singh Bist,2,0
Prabhudheva,2,0
Pinky Campbell,2,0
Karan Mirchandani,2,0
Piaa Bajpai,2,0
Anju Mahendru,2,0
Viju Khote,2,0
Prateek Chakravorty,2,0
Arjun Malhotra,2,0
Jividha Sharma,2,0
Jitin Gulati,2,0
Julian Burkhardt,2,0
Aliza,2,0
Archit Krishna,2,0
Kalpana Pandit,2,0
Peter Brown,2,0
Kartika Rane,2,0
Alisha Chinoi,2,0
Suhas Sirsat,2,0
Suhasini Mulay,2,0
Apoorva Jha,2,0
Apoorva S. Badgaiyan,2,0
Kislaya Dwivedi,2,0
Neha Bhatt,2,0
Paru Gambhir,2,0
Manish Paul,2,0
Mandeep Mazumdar,2,0
Neha Pawar,2,0
Sunil Dutt,2,2
Neha Bam,2,0
Neelima Azim,2,0
Aryan Singh,2,0
Priyanka Bose,2,0
Manish Nagpal,2,0
Ishaan Manhaas,2,0
Raakesh Babu,2,0
Shalini Vatsa,2,2
Priyam Galav,2,0
Imran Abbas,2,0
Shivani Tanksale,2,0
Iqbal Khan,2,0
Isabelle Adjani,2,0
Anisa Butt,2,0
Akanksha Malhotra,2,0
Anjana Sukhani,2,0
Akkash Basnet,2,0
Himansh Kohli,2,0
Arshad Khan,2,0
Mohit Ghai,2,0
Himani Shivpuri,2,0
Armaan Jain,2,0
Prem Kishen Dwivedi,2,0
Shivani Joshi,2,0
Vivek Bhatnagar,2,0
Akash Khurana,2,0
Ragini Khanna,2,0
Jayaprakash,2,0
Neha Pendse,2,0
Manoj Bhatia,2,0
Armaan Shahabi,2,0
Preeti Puri,2,0
Preeti Mehra,2,0
Himanshu Bhatt,2,0
Akilesh Unnitan,2,0
Vijayant Kohli,2,0
Amit Sial,2,0
Raghuvardhan Garlapati,2,0
Nikhil Ratnaparkhi,2,0
Parth Naik,2,0
Parmeet Sethi,2,0
Parmita Katkar,2,0
Suchitra Krishnamoorthi,2,0
Anusha Dhandekar,2,0
Parth Akerkar,2,2
Anokhi Dalvi,2,0
Kiran Gadalay,2,0
Vikram Aditya,2,0
Kiara Advani,2,0
Mannat Ravi,2,0
Khalid Siddiqui,2,0
Ketki Dave,2,0
Nikita Dutta,2,0
Parvathy Omanakuttan,2,0
Aparna Bajpai,2,0
Amit Hingorani,2,0
Patralekhaa,2,0
Patrick Haider,2,0
Sheena Shahabadi,2,0
Sheetal Bavishi,2,0
Anuradha Chandan,2,2
Vijender Singh,2,0
Asha Bhosle,2,0
Prerna Chawla,2,0
Nadira Babbar,2,0
Ajay Jadeja,2,0
Suzanna Mukherjee,2,0
Jaikumar Banotia,2,0
Sunny Gill,2,0
Priya Gill,2,0
Suzana Rodrigues,2,0
Hritu,2,0
Priti Gandwani,2,0
Pritika Chawla,2,0
Akash Chopra,2,0
Sunny Hinduja,2,0
Priya Badlani,2,0
Jai Gidwani,2,0
Manoj Amarnani,2,0
Till Dilumière,2,0
Ankush Choudhary,2,0
Mohit Marwah,2,0
Naveen Kasturia,2,0
Sendhil Ramamurthy,2,0
Farrukh Jaffar,2,2
Harish,2,0
Tanay Chheda,2,2
Gauri Karnik,2,0
Simon Jones,2,0
Mariel Hemingway,2,0
Saurabh Dubey,2,0
Gurpreet Guggi,2,0
Mayank Tewari,2,0
Naveen Jinger,2,0
Gurdas Mann,2,0
Martin Sheen,2,0
Greg Heffernan,2,0
Taaha Shah,2,0
Hansal Mehta,2,0
Simran Jehani,2,0
Rajesh Bhardwaj,2,0
Aditya Bal,2,0
Frank M. Ahearn,2,0
Seema Rahmani,2,0
Natalya Gudkova,2,0
Chinkal,2,0
Chigusa Takaku,2,0
Mrinalini Sharma,2,0
Varun Badola,2,0
Siddharth Gupta,2,0
Natasha Rastogi,2,0
Ahwaan,2,0
Aditya Om,2,0
Siddharth Makkar,2,0
Raja Bherwani,2,0
Menekka Arora,2,0
Harish Raj,2,0
Attin Bhalla,2,0
Amitabh Dayal,2,0
Aditya Kotdar,2,0
Mike Hussey,2,0
Raman Trikha,2,0
Girija Oak,2,0
Meera,2,0
Chinmay Kambli,2,0
Fanny Carbonnel,2,0
Yo Yo Honey Singh,2,1
Reetu Jain,2,0
Vasan Bala,2,0
Tanuja,2,0
Ranjan Chhabra,2,0
Rahul Vohra,2,0
Hasleen Kaur,2,0
Tanya Malik,2,0
Ranjeeta Kaur,2,0
Meghana Mudiyam,2,0
Sweety Chhabra,2,0
Faisal Khan,2,0
Anay,2,0
Anant Mahadevan,2,0
Rashmi Gautam,2,0
Tanvi Hegde,2,0
Dolly Ahluwalia,2,2
Shweta Tiwari,2,0
Rahul Jaiswal,2,0
Yoshika Verma,2,0
Razzak Khan,2,0
Doorva Tripathi,2,0
Amrit Maghera,2,0
Sarthak Bhasin,2,0
Shradha Das,2,0
Ravi Gossain,2,0
Mischa Barton,2,0
Raushani Jaffrey,2,0
Elli Avram,2,0
Santosh Barmola,2,0
Audhitya Singh,2,0
Elahe Hiptoola,2,0
Nasir Khan,2,0
Divya Jagdale,2,0
Ashish Kotwal,2,0
Divya Palat,2,0
Vineet Sharma,2,0
Manoj Pahwa,2,0
Durgesh Kumar,2,0
Saadhika,2,0
Sarah-Jane Dias,2,0
Chinmay Mandlekar,2,0
Rip Torn,2,0
Tejaswini Kolhapure,2,0
Narendra Jetley,2,0
Sanjay Dadheech,2,0
Digvijay Deshmukh,2,0
Rinku Ghosh,2,0
Yuvraj Haral,2,0
Dhruv Ganesh,2,0
Dheeraj Miglani,2,0
Tiger Shroff,2,2
Danny Sura,2,0
Dhanush,2,2
Vaibhav Jhalani,2,0
Rishabh Chaddha,2,0
Devshi Khanduri,2,0
Narayan Singh Sisodia,2,0
Deven Bhojani,2,0
Aashif Sheikh,2,0
Barun Sobti,2,0
Hendrik Greis,2,0
Tarun Dudeja,2,0
Rhea Chakraborty,2,0
Sanjay Narvekar,2,0
Banjara,2,0
Mouli Ganguly,2,0
Vipin Bakshi,2,0
Barkha Bisht,2,0
Mona Singh,2,0
Abbas,2,0
Deeksha Seth,2,0
Rohit Roy,2,0
Dean Alexandrou,2,0
David Carradine,2,0
Tina Desai,2,0
Tina Rana,2,0
Romit Raaj,2,0
Amrita Prakash,2,0
Sanjai Mishra,2,0
Sanjana Tiwari,2,0
Babbu Mann,2,0
Dara Singh,2,2
Sanjay Gandhi,2,0
Nancy Brunetta,2,0
Tom Alter,2,0
Mithun Rodwittiya,2,0
Bharath Niwas,2,0
Tinnu Verma,2,0
Daman Baggan,2,0
Ronjini Chakraborty,2,0
Daisy Irani,2,0
Daisy,2,0
Roop Kumar Rathod,2,0
Roopa Ganguly,2,0
A.K. Hangal,2,0
Roopali Krishnarao,2,0
Roshini Jaffery,2,0
Roy Radhika,2,0
Anaitha Nair,2,0
Urvashi Rautela,2,0
Nakuul Mehta,2,0
Ruslaan Mumtaz,2,0
Sandeep Bedi,2,0
Sachet Engineer,2,2
Mrunmayee Lagoo,2,0
Bidita Bag,2,0
Shubhi Ahuja,2,0
Upen Patel,2,0
Catherine Fallows,2,0
Sagar Chawla,2,0
Aamir Ali Malik,2,0
Nakhul,2,0
Salah Benlemqawanssa,2,0
Bikram Saluja,2,0
Sahil Mehta,2,0
Bumpy,2,0
Chaitanya Chaudhary,2,0
Vinod Pande,2,0
Bruna Abdullah,2,0
Bruce Dern,2,0
Bilal Amrohi,2,0
Upasna Singh,2,0
Aadil Abedi,2,0
Habib Aazmi,1,0
Gautam Mehra,1,0
Gavie Chahal,1,0
Harish Ghera,1,0
Swati Aggarwal,1,0
Heenee Kaushik,1,0
Heenaa Biswas,1,0
Harshvardhan Deo,1,0
Gaurav Chopra,1,0
Gaurav Dixit,1,0
Farhan,1,0
Divyendu Sharma,1,0
Dolly,1,0
Durgesh Nandni,1,0
Ehsaan Qureshi,1,0
Faheem Ul Haq,1,0
Faith,1,0
Faraha Khan,1,0
Dipti Bhatnagar,1,0
Gyanesh Mukherjee,1,0
Farida Dadi,1,0
Feroz,1,0
Habeeb Aidroos,1,0
Cary Elwes,1,0
Gunjan Bakshi,1,0
Gulfam Khan,1,0
Brinda Karat,1,0
Gaelyn Mendonca,1,0
BuAli Shah,1,0
C. Jenner Jose,1,0
Dilyana Bouklieva,1,0
Camila Bordonaba,1,0
Tripta Parashar,1,0
Chaitanya Bhosle,1,0
Chandan Sanyal,1,0
Chandrachur Singh,1,0
Charlie,1,0
Charulatha,1,0
Candice Pereira,1,0
Malini Awasthi,1,0
Taran Bajaj,1,0
Divya Desai,1,0
Gayatri Joshi,1,0
Talat Aziz,1,0
Ghanshyam Rohera,1,0
Tabrez Khan,1,0
Syna Anand,1,0
Ferzad Jehani,1,0
Scott Hinds,1,0
Tanaaz Currim Irani,1,0
Rajan Verma,1,0
Priya Annatram,1,0
Shantanu Chappana,1,0
Puneet Singh Ratn,1,0
Shalin Gupta,1,0
Pushkar Jog,1,0
Radha Ravi,1,0
Ramgopal Bajaj,1,0
Raghav Juyal,1,0
Rahul Bairagi,1,0
Rahul Handa,1,0
Rahul Kumar,1,0
Rahul Roy,1,0
Shahbaz Baweja,1,0
Raja Duggal,1,0
Raghavendra Kadkol,1,0
Prithvi,1,0
Ramnita Chaudhry,1,0
Rani Agrawal,1,0
Rotem Bar,1,0
Ruby Bhatia,1,0
Brian Dawson,1,0
Sharad Ponkshe,1,0
Rajat Bakshi,1,0
Gary Castro Churchwell,1,0
Rajat Barmecha,1,0
Gary Tantony,1,0
Farid Amiri,1,0
Sohrab Ardeshir,1,0
Sofia Hayat,1,0
Sneha Deori,1,0
Rajat Bhalla,1,0
Rajendra Chawla,1,0
Satyakam Anand,1,0
Rajesh Balwani,1,0
Rajesh Jolly,1,0
Satya Khare,1,0
Satnam Kaur,1,0
Rajesh Tandon,1,0
Rajeshwari Sachdev,1,0
Rajiv Singh,1,0
Raju Srivastava,1,0
Rakesh,1,0
Rakesh Deewana,1,0
Ram Charan,1,0
Raman Atre,1,0
Scherrikar Bell,1,0
Brijesh Kori,1,0
Kannu Gill,1,0
Troy Baker,1,0
Sunny Singh Nijjar,1,0
Jai Ganesh,1,0
Jaipreet Nagra,1,0
Sunil Pal,1,0
Jasleen Matharu,1,0
Jasvvant Khera,1,0
Jatin Karia,1,0
Jatin Khurana,1,0
Javed Abedi,1,0
Javed Rizvi,1,0
Karan Ashar,1,0
Karan Kundra,1,0
Karan Mehra,1,0
Leher Kala,1,0
Sonny Chatrath,1,0
Lucy Bartholomew,1,0
Lucy Hassan,1,0
Maarisha,1,0
Madhu Shalini,1,0
Madhulagna Das,1,0
Sonika Kapoor,1,0
Mahavir Shah,1,0
Sunny Singh,1,0
Jack Gaud,1,0
Tushar Dalvi,1,0
Ishwar,1,0
Saahil Chadha,1,0
Jitender,1,0
Jitender Bhargava,1,0
Joe Debroy,1,0
Sumit Kaul,1,0
Julia Bliss,1,0
Jyoti Rana,1,0
Jyoti Singh,1,0
Kaivalya Chheda,1,0
Sumeet Chawla,1,0
Kallol Banerjee,1,0
Kamaal Khan,1,0
Sambhavna Sheth,1,0
Sujeet Chaubey,1,0
Jayapradha,1,0
Kanwaljeet Matharu,1,0
Jawahar Jairath,1,0
Javed Khan,1,0
Indrapal Ahuja,1,0
Irfan Raza Khan,1,0
Suresh Dubey,1,0
Sonam Arora,1,0
Mahesh Raj,1,0
Mahesh Thakur,1,0
Makrand Shukla,1,0
Himani Chawla,1,0
Henna,1,0
Christopher Lloyd,1,0
Tom Kenny,1,0
Claudia Ciesla,1,0
Ting Leung,1,0
Deepak Arora,1,0
Deepak Bhatia,1,0
Deepak Chadha,1,0
Tim Lawrence,1,0
Deepak Jethi,1,0
Delhi Ganesh,1,0
Dev Gohar,1,0
Devaraj,1,0
Devasish Ray,1,0
Devender Chaudhary,1,0
Dhanshree Jain,1,0
Chittaranjan Giri,1,0
Chitrapama,1,0
Trimala Adhikari,1,0
Chetanya Adeep,1,0
Hussain Kuwajerwala,1,0
Khan Jahangir Khan,1,0
Subhendu Chatterjee,1,0
Kashika Chopra,1,0
Somed Agarwal,1,0
Malay Chakrabarty,1,0
Lalit Agarwal,1,0
Subhash Ahuja,1,0
Krrishna,1,0
Kriti Malhotra,1,0
Karan Sharma,1,0
Karanvir Bohra,1,0
Karanvir Sharma,1,0
Kavi Kumar Azad,1,0
Subodh Bhave,1,0
Keeya Khanna,1,0
Kenny Desai,1,0
Ikhlaq Khan,1,0
Kesar Matharu,1,0
Suchitra Pillai-Malik,1,0
Kishore Anand Bhanushali,1,0
Kishori Balal,1,0
Kishori Godbole,1,0
Suchindra Bali,1,0
Rupa Bhimani,1,0
Suneil Anand,1,0
Sana Govil,1,0
Adityansh,1,0
Amit Purohit,1,0
Anisshka,1,0
Vikas Sethi,1,0
Vinit Kumar,1,0
Vickrant Mahajan,1,0
Anil Nagrath,1,0
Ashrita Agarwal,1,0
Adyasha,1,0
Aasad Mirza,1,0
Aparajit Bhattacharjee,1,0
Zeenal Kamdar,1,0
Balaji Iyer,1,0
Yatin Karyekar,1,0
Yunus Parvez,1,0
Abishek Anand,1,0
Abhro Banerjee,1,0
Vindu Dara Singh,1,0
Vivek Madan,1,0
Vilas Ujawane,1,0
Akhil Kapur,1,0
Arsh Deol,1,0
Adnan Khalid,1,0
Anand Balraj,1,0
Nikhil Sabharwal,1,0
Avika Gor,1,0
Shilpa Anand,1,0
Nirmiti Sawant,1,0
Nitika Sharma,1,0
Nitin Jadhav,1,0
Noopur Patwardhan,1,0
Ntasha Bhardwaj,1,0
Sherrin Verghese,1,0
Palash Sen,1,0
Nilofer Khan,1,0
Twinkle Khanna,1,1
Kanchan,1,0
Ashima Bhalla,1,0
Apporva Arora,1,0
Apoorva Arora,1,0
Vijay Gupta,1,0
Vinay Apte,1,0
Aslam Khan,1,0
Akansha,1,0
Zarine Ali,1,0
Vekeana Dhillon,1,0
Aparna Kumesh,1,0
Anil Chaudhary,1,0
Vijay Raj,1,0
Annabelle Wallis,1,0
Anita Raj,1,0
Aakash Pandey,1,0
Ashish Kumar,1,0
Ashok Beniwal,1,0
Anu Kashyap,1,0
Bikramjeet Kanwarpal,1,0
Vishal Bhosle,1,0
Ajay Bhandari,1,0
Aanchal Sabharwal,1,0
Vikram Dahiya,1,0
Vikram Dhillon,1,0
Anupam Maanav,1,0
Bhagyashree,1,0
Aarti Agarwal,1,0
Anaika Soti,1,0
Bobby Bahal,1,0
Ajita,1,0
Arzoo Govitrikar,1,0
Amyra Dastur,1,0
Ashish Patil,1,0
Aniruddh Agarwal,1,0
Amy Jackson,1,0
Bhumika Puri,1,0
Aamir Bashir,1,0
Vibha Chhibber,1,0
Anil Dhawan,1,0
Abhisar Bose,1,0
Archi,1,0
Vivaan Bhimani,1,0
Arun Govil,1,0
Arun Kumar,1,0
Atul Mathur,1,0
Anand Raj Anand,1,0
Veena Malik,1,0
Arun Mathur,1,0
Aditi Khanna,1,0
Ajay Sinh Rathod,1,0
Anamika Goel,1,0
Vijayendra Ghatge,1,0
Vinod Nagpal,1,0
Vishal Kaushik,1,0
Ajaz Khan,1,0
Umesh Gautam,1,0
Amala Akkineni,1,0
Asawari Joshi,1,0
Vipul Bhatt,1,0
Navneet Nishan,1,0
Nidhi Subbaiah,1,0
Sana,1,0
Rio Kapadia,1,0
Sandip Munde,1,0
Robert Lang,1,0
Rocky Verma,1,0
Rohit Bakshi,1,0
Richashree,1,0
Bobby Khan,1,0
Prem Chabra,1,0
Preeti Jain,1,0
Monalisa,1,0
Monica Bedi,1,1
Monica Dogra,1,0
Zoya Afroz,1,0
Shweta Prasad,1,0
Mridula Baruah,1,0
Mukesh Khanna,1,0
Shubhashree Ganguli,1,0
Nagesh Haldankar,1,0
Nakul Vaid,1,0
Nandini,1,0
Nandini Jumani,1,0
Nandini Vaid,1,0
Sanjay Amar,1,0
Rinku Patel,1,0
Nicholas Brown,1,0
Reena Kapoor,1,0
Sammy Durrani,1,0
Sadiya Siddiqui,1,0
Sagar Bhangade,1,0
Sahaj Bradoria,1,0
Sahil Vaid,1,0
Saira Mirza,1,0
Sajid Ali,1,0
Sameer Dharmadhikari,1,0
Salim Khan,1,0
Sandeep Bose,1,0
Rohit Shetty,1,0
Rohit Raj,1,0
Rohit Khuranna,1,0
Sapna Choubisa,1,0
Rasika Joshi,1,0
Sapna,1,0
Sanober Kabir,1,0
Ravindra Kale,1,0
Ravish Desai,1,0
Reema Debnath,1,0
Saranya Mohan,1,0
Shreechand Makhija,1,0
Nathalia Kaur,1,0
Mohit Baghet,1,0
Siddharth Dhawan,1,0
Pooja Salvi,1,0
Poonam Jhawer,1,0
Poonam Pandey,1,0
Prabal Panjabi,1,0
Prachi Sinha,1,0
Pragathi Yadhati,1,0
Pragya Jaiswal,1,0
Prakash Rao,1,0
Shashi Wadia,1,0
Pravin Baby,1,0
Preeti Chauhan,1,0
Preeti Dayal,1,0
Sharvanand,1,0
Phil Jones,1,0
Payal Rohatgi,1,0
Parignya Pandya Shah,1,0
Param Baidwaan,1,0
Shomendra Bose,1,0
Shoib Khan,1,0
Neha Baam,1,0
Neha Bhasin,1,0
Pooja Kanwal,1,0
Piyush Bhalodiya,1,0
Navni Parihar,1,0
Naveen Bawa,1,0
Mohan Gokhale,1,0
Mithilesh Chaturvedi,1,0
Mangala Kenkre,1,0
Manish Choudhary,1,0
Manish Vatsalya,1,0
Smith Seth,1,0
Manjot Singh,1,0
Manmeet Dhanjal,1,0
Mannara,1,0
Mansha Bahl,1,0
Navneet Kaur,1,0
Master Chinmay,1,0
Meghna Desai,1,0
Mikaal,1,0
Mini Mathur,1,0
Sidhant Kapur,1,0
Mink Singh,1,0
Mirza Ali Quli,1,0
Maria Goretti,1,0
Sharmila Tagore,1,0
Monica Patel,1,0
